-- phpMyAdmin SQL Dump
-- version 5.1.0
-- https://www.phpmyadmin.net/
--
-- Máy chủ: 127.0.0.1
-- Thời gian đã tạo: Th4 12, 2021 lúc 10:56 AM
-- Phiên bản máy phục vụ: 10.4.18-MariaDB
-- Phiên bản PHP: 8.0.3

SET SQL_MODE = "NO_AUTO_VALUE_ON_ZERO";
START TRANSACTION;
SET time_zone = "+00:00";


/*!40101 SET @OLD_CHARACTER_SET_CLIENT=@@CHARACTER_SET_CLIENT */;
/*!40101 SET @OLD_CHARACTER_SET_RESULTS=@@CHARACTER_SET_RESULTS */;
/*!40101 SET @OLD_COLLATION_CONNECTION=@@COLLATION_CONNECTION */;
/*!40101 SET NAMES utf8mb4 */;

--
-- Cơ sở dữ liệu: `ecommerce`
--

-- --------------------------------------------------------

--
-- Cấu trúc bảng cho bảng `tbl_admin`
--

CREATE TABLE `tbl_admin` (
  `admin_id` int(11) NOT NULL,
  `email` varchar(50) NOT NULL,
  `password` varchar(100) NOT NULL,
  `admin_name` varchar(100) NOT NULL
) ENGINE=InnoDB DEFAULT CHARSET=utf8;

--
-- Đang đổ dữ liệu cho bảng `tbl_admin`
--

INSERT INTO `tbl_admin` (`admin_id`, `email`, `password`, `admin_name`) VALUES
(1, 'admin@gmail.com', '21232f297a57a5a743894a0e4a801fc3', 'Hiếu Tấn'),
(2, 'admin1@gmail.com', '21232f297a57a5a743894a0e4a801fc3', 'Long');

-- --------------------------------------------------------

--
-- Cấu trúc bảng cho bảng `tbl_baiviet`
--

CREATE TABLE `tbl_baiviet` (
  `baiviet_id` int(11) NOT NULL,
  `tenbaiviet` varchar(100) NOT NULL,
  `tomtat` text NOT NULL,
  `noidung` text NOT NULL,
  `danhmuctin_id` int(11) NOT NULL,
  `baiviet_image` varchar(50) NOT NULL
) ENGINE=InnoDB DEFAULT CHARSET=utf8;

--
-- Đang đổ dữ liệu cho bảng `tbl_baiviet`
--

INSERT INTO `tbl_baiviet` (`baiviet_id`, `tenbaiviet`, `tomtat`, `noidung`, `danhmuctin_id`, `baiviet_image`) VALUES
(1, 'Bài 1 : Lorem Ipsum is simply dummy text of the printing and typesetting industry.', 'Lorem Ipsum is simply dummy text of the printing and typesetting industry.Lorem Ipsum is simply dummy text of the printing and typesetting industry.Lorem Ipsum is simply dummy text of the printing and typesetting industry.', 'Lorem Ipsum is simply dummy text of the printing and typesetting industry.Lorem Ipsum is simply dummy text of the printing and typesetting industry.Lorem Ipsum is simply dummy text of the printing and typesetting industry.Lorem Ipsum is simply dummy text of the printing and typesetting industry.Lorem Ipsum is simply dummy text of the printing and typesetting industry.Lorem Ipsum is simply dummy text of the printing and typesetting industry.Lorem Ipsum is simply dummy text of the printing and typesetting industry.', 1, 'a4.jpg'),
(2, 'Bài 2: Lorem Ipsum is simply dummy text of the printing and typesetting industry.', 'Lorem Ipsum is simply dummy text of the printing and typesetting industry.Lorem Ipsum is simply dummy text of the printing and typesetting industry.Lorem Ipsum is simply dummy text of the printing and typesetting industry.', 'Lorem Ipsum is simply dummy text of the printing and typesetting industry.Lorem Ipsum is simply dummy text of the printing and typesetting industry.Lorem Ipsum is simply dummy text of the printing and typesetting industry.Lorem Ipsum is simply dummy text of the printing and typesetting industry.Lorem Ipsum is simply dummy text of the printing and typesetting industry.', 2, 'm3.jpg'),
(3, 'Bài 3: Lorem Ipsum is simply dummy text of the printing and typesetting industry.', 'Lorem Ipsum is simply dummy text of the printing and typesetting industry.Lorem Ipsum is simply dummy text of the printing and typesetting industry.Lorem Ipsum is simply dummy text of the printing and typesetting industry.', 'Lorem Ipsum is simply dummy text of the printing and typesetting industry.Lorem Ipsum is simply dummy text of the printing and typesetting industry.Lorem Ipsum is simply dummy text of the printing and typesetting industry.Lorem Ipsum is simply dummy text of the printing and typesetting industry.Lorem Ipsum is simply dummy text of the printing and typesetting industry.Lorem Ipsum is simply dummy text of the printing and typesetting industry.', 3, 'k2.jpg'),
(4, 'Bài 4 :Lorem Ipsum is simply dummy text of the printing and typesetting industry.', 'Lorem Ipsum is simply dummy text of the printing and typesetting industry.Lorem Ipsum is simply dummy text of the printing and typesetting industry.Lorem Ipsum is simply dummy text of the printing and typesetting industry.', 'Lorem Ipsum is simply dummy text of the printing and typesetting industry.Lorem Ipsum is simply dummy text of the printing and typesetting industry.Lorem Ipsum is simply dummy text of the printing and typesetting industry.Lorem Ipsum is simply dummy text of the printing and typesetting industry.Lorem Ipsum is simply dummy text of the printing and typesetting industry.', 4, 'b4.jpg'),
(5, 'Lorem Ipsum is simply dummy text of the printing and typesetting industry.', 'Bài 5 : Lorem Ipsum is simply dummy text of the printing and typesetting industry.Lorem Ipsum is simply dummy text of the printing and typesetting industry.', 'Lorem Ipsum is simply dummy text of the printing and typesetting industry.Lorem Ipsum is simply dummy text of the printing and typesetting industry.Lorem Ipsum is simply dummy text of the printing and typesetting industry.Lorem Ipsum is simply dummy text of the printing and typesetting industry.', 4, 'm8.jpg');

-- --------------------------------------------------------

--
-- Cấu trúc bảng cho bảng `tbl_category`
--

CREATE TABLE `tbl_category` (
  `category_id` int(11) NOT NULL,
  `category_name` varchar(50) NOT NULL
) ENGINE=InnoDB DEFAULT CHARSET=utf8;

--
-- Đang đổ dữ liệu cho bảng `tbl_category`
--

INSERT INTO `tbl_category` (`category_id`, `category_name`) VALUES
(19, 'Thời Trang Nam'),
(20, 'Thời Trang Nữ'),
(21, 'Điện Thoại'),
(22, 'Máy Tính & Laptop'),
(23, 'Đồng Hồ'),
(24, 'Giày Nam'),
(25, 'Giày Nữ'),
(26, 'Đồ Chơi'),
(27, 'Chăm Sóc Thú Cưng');

-- --------------------------------------------------------

--
-- Cấu trúc bảng cho bảng `tbl_danhmuc_tin`
--

CREATE TABLE `tbl_danhmuc_tin` (
  `danhmuctin_id` int(11) NOT NULL,
  `tendanhmuc` varchar(100) NOT NULL
) ENGINE=InnoDB DEFAULT CHARSET=utf8;

--
-- Đang đổ dữ liệu cho bảng `tbl_danhmuc_tin`
--

INSERT INTO `tbl_danhmuc_tin` (`danhmuctin_id`, `tendanhmuc`) VALUES
(1, 'Kiến thức máy lạnh'),
(2, 'Kiến thức máy giặc'),
(3, 'Kiến thức laptop'),
(4, 'Kiến thức Tivi');

-- --------------------------------------------------------

--
-- Cấu trúc bảng cho bảng `tbl_donhang`
--

CREATE TABLE `tbl_donhang` (
  `donhang_id` int(11) NOT NULL,
  `sanpham_id` int(11) NOT NULL,
  `soluong` int(11) NOT NULL,
  `mahang` varchar(50) NOT NULL,
  `khachhang_id` int(11) NOT NULL,
  `ngaythang` timestamp NOT NULL DEFAULT current_timestamp() ON UPDATE current_timestamp(),
  `tinhtrang` int(11) NOT NULL,
  `huydon` int(11) NOT NULL DEFAULT 0
) ENGINE=InnoDB DEFAULT CHARSET=utf8;

--
-- Đang đổ dữ liệu cho bảng `tbl_donhang`
--

INSERT INTO `tbl_donhang` (`donhang_id`, `sanpham_id`, `soluong`, `mahang`, `khachhang_id`, `ngaythang`, `tinhtrang`, `huydon`) VALUES
(55, 39, 1, '', 31, '2021-04-12 08:31:46', 0, 0),
(56, 39, 1, '', 31, '2021-04-12 08:50:55', 0, 0),
(57, 39, 1, '', 31, '2021-04-12 08:53:10', 0, 0),
(58, 35, 1, '', 31, '2021-04-12 08:53:10', 0, 0),
(59, 42, 3, '', 31, '2021-04-12 08:53:10', 0, 0),
(60, 37, 1, '', 31, '2021-04-12 08:53:10', 0, 0);

-- --------------------------------------------------------

--
-- Cấu trúc bảng cho bảng `tbl_giaodich`
--

CREATE TABLE `tbl_giaodich` (
  `giaodich_id` int(11) NOT NULL,
  `sanpham_id` int(11) NOT NULL,
  `soluong` int(11) NOT NULL,
  `magiaodich` varchar(50) NOT NULL,
  `ngaythang` timestamp NOT NULL DEFAULT current_timestamp() ON UPDATE current_timestamp(),
  `khachhang_id` int(11) NOT NULL,
  `tinhtrangdon` int(11) NOT NULL DEFAULT 0,
  `huydon` int(11) NOT NULL DEFAULT 0
) ENGINE=InnoDB DEFAULT CHARSET=utf8;

--
-- Đang đổ dữ liệu cho bảng `tbl_giaodich`
--

INSERT INTO `tbl_giaodich` (`giaodich_id`, `sanpham_id`, `soluong`, `magiaodich`, `ngaythang`, `khachhang_id`, `tinhtrangdon`, `huydon`) VALUES
(3, 21, 2, '5737', '2019-10-04 02:57:00', 23, 0, 0),
(4, 26, 1, '6219', '2019-10-04 02:58:34', 24, 0, 0),
(5, 25, 3, '7785', '2019-10-04 03:11:52', 25, 0, 0),
(6, 22, 5, '7785', '2019-10-04 03:11:52', 25, 0, 0),
(7, 27, 2, '7785', '2019-10-04 03:11:52', 25, 0, 0),
(8, 21, 1, '5396', '2019-10-04 03:49:08', 26, 0, 0),
(9, 20, 3, '5396', '2019-10-04 03:49:08', 26, 0, 0),
(10, 20, 3, '7914', '2019-10-05 05:38:42', 28, 0, 0),
(11, 26, 1, '7914', '2019-10-05 05:38:42', 28, 0, 0),
(12, 25, 2, '6687', '2019-10-09 09:48:42', 27, 1, 2),
(13, 26, 3, '6687', '2019-10-09 09:48:42', 27, 1, 2),
(14, 27, 1, '6687', '2019-10-09 09:48:42', 27, 1, 2),
(15, 22, 1, '1125', '2019-10-09 09:47:17', 27, 1, 2),
(16, 24, 1, '1125', '2019-10-09 09:47:17', 27, 1, 2),
(17, 20, 1, '555', '2019-10-09 09:50:08', 27, 0, 2);

-- --------------------------------------------------------

--
-- Cấu trúc bảng cho bảng `tbl_giohang`
--

CREATE TABLE `tbl_giohang` (
  `giohang_id` int(11) NOT NULL,
  `tensanpham` varchar(100) NOT NULL,
  `sanpham_id` int(11) NOT NULL,
  `giasanpham` varchar(50) NOT NULL,
  `hinhanh` varchar(50) NOT NULL,
  `soluong` int(11) NOT NULL
) ENGINE=InnoDB DEFAULT CHARSET=utf8;

--
-- Đang đổ dữ liệu cho bảng `tbl_giohang`
--

INSERT INTO `tbl_giohang` (`giohang_id`, `tensanpham`, `sanpham_id`, `giasanpham`, `hinhanh`, `soluong`) VALUES
(1, 'Máy giặc Samsung', 26, '105000000', 'm8.jpg', 1),
(2, 'Galaxy A15', 21, '15000000', 'mk3.jpg', 1);

-- --------------------------------------------------------

--
-- Cấu trúc bảng cho bảng `tbl_khachhang`
--

CREATE TABLE `tbl_khachhang` (
  `khachhang_id` int(11) NOT NULL,
  `name` varchar(100) NOT NULL,
  `phone` varchar(50) NOT NULL,
  `address` varchar(200) NOT NULL,
  `note` text NOT NULL,
  `email` varchar(150) NOT NULL,
  `password` varchar(100) NOT NULL,
  `giaohang` int(11) NOT NULL
) ENGINE=InnoDB DEFAULT CHARSET=utf8;

--
-- Đang đổ dữ liệu cho bảng `tbl_khachhang`
--

INSERT INTO `tbl_khachhang` (`khachhang_id`, `name`, `phone`, `address`, `note`, `email`, `password`, `giaohang`) VALUES
(12, 'Hiếu', '0932023992', '123/123', 'dasdasdas', 'hieu@gmail.com', 'e10adc3949ba59abbe56e057f20f883e', 1),
(13, 'Long Hoàng', '01694494813', '123/123', 'dasdasdas', 'long@gmail.com', '0192023a7bbd73250516f069df18b500', 0),
(14, 'Hoàng Long', '0932023992', '123/123', 'dsadas', 'hoanglong@gmail.com', '', 1),
(22, 'Nam', '0932023992', '123/123', 'dasdas', 'name123@gmail.com', '', 1),
(23, 'Nam', '0932023992', '123/123', 'dasdasd', 'name456@gmail.com', '', 1),
(24, 'Hoa', '0932023992', '123/123', 'dasdas', 'hoa@gmail.com', '', 0),
(25, 'Hoàng Kha', '0932023992', '123/123', 'dasdasdas', 'son', '202cb962ac59075b964b07152d234b70', 1),
(26, 'Trương Lưu', '0932023992', '123/123', 'dasdasdas', 'truongluu@gmail.com', 'e10adc3949ba59abbe56e057f20f883e', 1),
(27, 'Trương Huệ Mẫn', '0932023992', '123', 'dasdasdasd', 'hueman@gmail.com', 'e10adc3949ba59abbe56e057f20f883e', 0),
(28, 'Hoa', '0932023992', '123/123', 'dasdasdads', 'hoa@gmail.com', 'e10adc3949ba59abbe56e057f20f883e', 0),
(29, 'Son', '1234', 'Tổ 2, Trà Thành, Thanh An', '', 'lephuocson1999@gmail.com', '202cb962ac59075b964b07152d234b70', 0),
(30, 'Son', '1234', 'Tổ 2, Trà Thành, Thanh An', '', 'lephuocson19999@gmail.com', '202cb962ac59075b964b07152d234b70', 0),
(31, 'okem', '11212121212121', 'adsadasd', '', 'ok@gmail.com', '202cb962ac59075b964b07152d234b70', 0),
(32, 'asd', '23232', 'asd', '', 'ok@gmail.com', '202cb962ac59075b964b07152d234b70', 0);

-- --------------------------------------------------------

--
-- Cấu trúc bảng cho bảng `tbl_sanpham`
--

CREATE TABLE `tbl_sanpham` (
  `sanpham_id` int(11) NOT NULL,
  `category_id` int(11) NOT NULL,
  `sanpham_name` varchar(255) NOT NULL,
  `sanpham_chitiet` varchar(500) NOT NULL,
  `sanpham_mota` varchar(500) NOT NULL,
  `sanpham_gia` int(11) NOT NULL,
  `sanpham_giakhuyenmai` int(11) NOT NULL,
  `sanpham_active` int(11) NOT NULL,
  `sanpham_hot` int(11) NOT NULL,
  `sanpham_soluong` int(11) NOT NULL,
  `sanpham_image` varchar(200) NOT NULL
) ENGINE=InnoDB DEFAULT CHARSET=utf8;

--
-- Đang đổ dữ liệu cho bảng `tbl_sanpham`
--

INSERT INTO `tbl_sanpham` (`sanpham_id`, `category_id`, `sanpham_name`, `sanpham_chitiet`, `sanpham_mota`, `sanpham_gia`, `sanpham_giakhuyenmai`, `sanpham_active`, `sanpham_hot`, `sanpham_soluong`, `sanpham_image`) VALUES
(34, 19, 'Áo Bomber', '❤️Freesize form từ 40kg -> 60kg ( Mặc đẹp từ 40kg - 55kg)\r\nĐợt này áo bomber không làm form rộng nữa mà sẽ là form hơi ôm 1 xíu nhé khách, vì nhiều khách thích mặc ôm ôm 1 xíu hơn ^^\r\n\r\nThương hiệu\r\nNo Brand\r\nChất liệu\r\nCotton\r\nDáng áo\r\nDáng rộng\r\nCách giặt\r\nGiặt tay\r\nXuất Xứ\r\nViệt Nam\r\nKho hàng\r\n68\r\nGửi từ\r\nQuận 12, TP. Hồ Chí Minh', 'Áo bomber ❤️Áo khoác nỉ khoá nút Cotton Boomber cao cấp 2 lớp', 330000, 300000, 0, 0, 25, 'bomberM.png'),
(35, 20, 'Áo Bomber Nữ', '', 'Áo bomber ❤️ form Unisex nam nữ', 300000, 250000, 0, 0, 10, 'bomberW.png'),
(36, 20, 'Chân Váy', '', 'CHÂN VÁY NGẮN XOÈ XẾP LY NỮ SINH NĂNG ĐỘNG', 600000, 600000, 0, 0, 25, 'Vay.png'),
(37, 25, 'Giày Air', '', 'Giày Sneakers Nữ Phối Màu Trendy Năng Động', 1000000, 900000, 0, 0, 10, 'giaynu.png'),
(38, 24, 'Boot Nam', '', 'Giày oxford da bóng', 1100000, 1050000, 0, 0, 25, 'bootnam.png'),
(39, 23, 'Đồng hồ', '', 'Đồng hồ thông minh Xiaomi Haylou Solar', 2000000, 1900000, 0, 0, 15, 'dongho.png'),
(40, 21, 'Realme', '', 'Realme - Điện thoại smartphone trả góp 0%', 7000000, 6700000, 0, 0, 1, 'dienthoai.png'),
(41, 27, 'FoodDog', '', 'ngon yoyo', 1200000, 1180000, 0, 0, 15, 'food.png'),
(42, 27, 'Chén Ăn cho thú cưng', '', '', 50000, 50000, 0, 0, 50, 'batcun.png');

-- --------------------------------------------------------

--
-- Cấu trúc bảng cho bảng `tbl_slider`
--

CREATE TABLE `tbl_slider` (
  `slider_id` int(11) NOT NULL,
  `slider_image` varchar(100) NOT NULL,
  `slider_caption` text NOT NULL,
  `slider_active` int(11) NOT NULL DEFAULT 1
) ENGINE=InnoDB DEFAULT CHARSET=utf8;

--
-- Đang đổ dữ liệu cho bảng `tbl_slider`
--

INSERT INTO `tbl_slider` (`slider_id`, `slider_image`, `slider_caption`, `slider_active`) VALUES
(1, 'b2.jpg', 'Slider khuyến mãi ', 1),
(2, 'b3.jpg', 'Slider 50%', 1);

--
-- Chỉ mục cho các bảng đã đổ
--

--
-- Chỉ mục cho bảng `tbl_admin`
--
ALTER TABLE `tbl_admin`
  ADD PRIMARY KEY (`admin_id`);

--
-- Chỉ mục cho bảng `tbl_baiviet`
--
ALTER TABLE `tbl_baiviet`
  ADD PRIMARY KEY (`baiviet_id`);

--
-- Chỉ mục cho bảng `tbl_category`
--
ALTER TABLE `tbl_category`
  ADD PRIMARY KEY (`category_id`);

--
-- Chỉ mục cho bảng `tbl_danhmuc_tin`
--
ALTER TABLE `tbl_danhmuc_tin`
  ADD PRIMARY KEY (`danhmuctin_id`);

--
-- Chỉ mục cho bảng `tbl_donhang`
--
ALTER TABLE `tbl_donhang`
  ADD PRIMARY KEY (`donhang_id`);

--
-- Chỉ mục cho bảng `tbl_giaodich`
--
ALTER TABLE `tbl_giaodich`
  ADD PRIMARY KEY (`giaodich_id`);

--
-- Chỉ mục cho bảng `tbl_giohang`
--
ALTER TABLE `tbl_giohang`
  ADD PRIMARY KEY (`giohang_id`);

--
-- Chỉ mục cho bảng `tbl_khachhang`
--
ALTER TABLE `tbl_khachhang`
  ADD PRIMARY KEY (`khachhang_id`);

--
-- Chỉ mục cho bảng `tbl_sanpham`
--
ALTER TABLE `tbl_sanpham`
  ADD PRIMARY KEY (`sanpham_id`);

--
-- Chỉ mục cho bảng `tbl_slider`
--
ALTER TABLE `tbl_slider`
  ADD PRIMARY KEY (`slider_id`);

--
-- AUTO_INCREMENT cho các bảng đã đổ
--

--
-- AUTO_INCREMENT cho bảng `tbl_admin`
--
ALTER TABLE `tbl_admin`
  MODIFY `admin_id` int(11) NOT NULL AUTO_INCREMENT, AUTO_INCREMENT=3;

--
-- AUTO_INCREMENT cho bảng `tbl_baiviet`
--
ALTER TABLE `tbl_baiviet`
  MODIFY `baiviet_id` int(11) NOT NULL AUTO_INCREMENT, AUTO_INCREMENT=6;

--
-- AUTO_INCREMENT cho bảng `tbl_category`
--
ALTER TABLE `tbl_category`
  MODIFY `category_id` int(11) NOT NULL AUTO_INCREMENT, AUTO_INCREMENT=28;

--
-- AUTO_INCREMENT cho bảng `tbl_danhmuc_tin`
--
ALTER TABLE `tbl_danhmuc_tin`
  MODIFY `danhmuctin_id` int(11) NOT NULL AUTO_INCREMENT, AUTO_INCREMENT=5;

--
-- AUTO_INCREMENT cho bảng `tbl_donhang`
--
ALTER TABLE `tbl_donhang`
  MODIFY `donhang_id` int(11) NOT NULL AUTO_INCREMENT, AUTO_INCREMENT=61;

--
-- AUTO_INCREMENT cho bảng `tbl_giaodich`
--
ALTER TABLE `tbl_giaodich`
  MODIFY `giaodich_id` int(11) NOT NULL AUTO_INCREMENT, AUTO_INCREMENT=18;

--
-- AUTO_INCREMENT cho bảng `tbl_giohang`
--
ALTER TABLE `tbl_giohang`
  MODIFY `giohang_id` int(11) NOT NULL AUTO_INCREMENT, AUTO_INCREMENT=3;

--
-- AUTO_INCREMENT cho bảng `tbl_khachhang`
--
ALTER TABLE `tbl_khachhang`
  MODIFY `khachhang_id` int(11) NOT NULL AUTO_INCREMENT, AUTO_INCREMENT=33;

--
-- AUTO_INCREMENT cho bảng `tbl_sanpham`
--
ALTER TABLE `tbl_sanpham`
  MODIFY `sanpham_id` int(11) NOT NULL AUTO_INCREMENT, AUTO_INCREMENT=43;

--
-- AUTO_INCREMENT cho bảng `tbl_slider`
--
ALTER TABLE `tbl_slider`
  MODIFY `slider_id` int(11) NOT NULL AUTO_INCREMENT, AUTO_INCREMENT=3;
COMMIT;

/*!40101 SET CHARACTER_SET_CLIENT=@OLD_CHARACTER_SET_CLIENT */;
/*!40101 SET CHARACTER_SET_RESULTS=@OLD_CHARACTER_SET_RESULTS */;
/*!40101 SET COLLATION_CONNECTION=@OLD_COLLATION_CONNECTION */;
